"device_type","avg_order_value","orders"
"Mobile","154.0021869874248223","3658"
"Web","152.2120976715866384","47629"
