"product_category","avg_shipping","n"
"Home & Furniture","5.7041202384037315","15436"
"Auto & Accessories","6.4525249833444370","7505"
"Electronic","6.4553128470936690","2701"
"Fashion","8.0805147202183662","25645"
